trial_number,temperature_c,pressure_bar,objective_yield_pct
1,69.79788678,11.22079594,85.55789478
2,81.83470698,5.0260881,77.20037324
3,84.77463183,6.64525736,79.10885063
4,75.30626769,10.96179779,88.81395989
5,75.61836324,11.57012261,88.76802825
